{"embedTypes":["iframe"],"language":"en","license":"U","extraTitle":"Flower Types","title":"Flower Types","mainLibrary":"H5P.CoursePresentation","preloadedDependencies":[{"machineName":"H5P.Shape","majorVersion":1,"minorVersion":0},{"machineName":"H5P.AdvancedText","majorVersion":1,"minorVersion":1},{"machineName":"H5P.Image","majorVersion":1,"minorVersion":1},{"machineName":"H5P.Audio","majorVersion":1,"minorVersion":4},{"machineName":"flowplayer","majorVersion":1,"minorVersion":0},{"machineName":"FontAwesome","majorVersion":4,"minorVersion":5},{"machineName":"H5P.DragQuestion","majorVersion":1,"minorVersion":13},{"machineName":"jQuery.ui","majorVersion":1,"minorVersion":10},{"machineName":"H5P.JoubelUI","majorVersion":1,"minorVersion":3},{"machineName":"H5P.Transition","majorVersion":1,"minorVersion":0},{"machineName":"Drop","majorVersion":1,"minorVersion":0},{"machineName":"Tether","majorVersion":1,"minorVersion":0},{"machineName":"H5P.FontIcons","majorVersion":1,"minorVersion":0},{"machineName":"H5P.Question","majorVersion":1,"minorVersion":4},{"machineName":"H5P.CoursePresentation","majorVersion":1,"minorVersion":22}]}