{"presentation":{"slides":[{"elements":[{"x":0,"y":10.75268817204301,"width":100,"height":17.204301075268816,"action":{"library":"H5P.Shape 1.0","params":{"shape":{"fillColor":"rgba(238, 234, 211, 0.48)","borderWidth":0,"borderStyle":"solid","borderColor":"rgb(164, 137, 217)","borderRadius":0},"type":"rectangle","line":{"borderColor":"#000000","borderWidth":"1","borderStyle":"solid"}},"subContentId":"2043f43c-b432-4b90-a11d-7236e1f2829e","metadata":{"contentType":"Shapes","license":"U","title":"Purple box","authors":[],"changes":[],"extraTitle":"Purple box"}},"backgroundOpacity":0,"displayAsButton":false,"buttonSize":"big","goToSlideType":"specified","invisible":false},{"x":1.0893246187363834,"y":12.903225806451612,"width":33.66013071895425,"height":9.032258064516128,"action":{"library":"H5P.AdvancedText 1.1","params":{"text":"<p><span style=\"color:#ffffff\"><span style=\"font-size:1.625em\">Bloom Types</span></span></p>\n"},"subContentId":"007307dc-4fa3-4753-8dba-77304b861d76","metadata":{"contentType":"Text","license":"U","title":"Bloom Types","authors":[],"changes":[],"extraTitle":"Bloom Types"}},"alwaysDisplayComments":false,"backgroundOpacity":0,"displayAsButton":false,"buttonSize":"big","goToSlideType":"specified","invisible":false,"solution":""},{"x":1.0893246187363834,"y":21.50537634408602,"width":39.97821350762527,"height":6.451612903225806,"action":{"library":"H5P.AdvancedText 1.1","params":{"text":"<p><span style=\"color:#ffffff\"><span style=\"font-size:1.25em\">Vines &amp; Trees</span></span></p>\n"},"subContentId":"a47c1922-f2d7-4cec-9cb0-c6f00acb4f4f","metadata":{"contentType":"Text","license":"U","title":"Vine Blooms & Tree Blooms","authors":[],"changes":[],"extraTitle":"Vine Blooms & Tree Blooms"}},"alwaysDisplayComments":false,"backgroundOpacity":0,"displayAsButton":false,"buttonSize":"big","goToSlideType":"specified","invisible":false,"solution":""},{"x":79.520697167756,"y":59.99999999999999,"width":20.250088594137598,"height":40,"action":{"library":"H5P.Image 1.1","params":{"contentName":"Image","file":{"path":"images/image-hgA_RfqQ-HWxqCagx.png","mime":"image/png","copyright":{"license":"U"},"width":398,"height":398},"alt":"Person saying, &quot;Hi&quot;"},"subContentId":"3e5886c7-eccf-40c1-abea-0f9bedf58978","metadata":{"contentType":"Image","license":"U","title":"Person saying, &quot;Hi&quot;","authors":[],"changes":[],"extraTitle":"Person saying, &quot;Hi&quot;"}},"alwaysDisplayComments":false,"backgroundOpacity":0,"displayAsButton":false,"buttonSize":"big","goToSlideType":"specified","invisible":false,"solution":""},{"x":97.42306644880175,"y":94.62365591397848,"width":2.577632696,"height":5.091753604,"action":{"library":"H5P.Audio 1.4","params":{"fitToWrapper":true,"playerMode":"transparent","controls":true,"autoplay":true,"playAudio":"Play audio","pauseAudio":"Pause audio","contentName":"Audio","audioNotSupported":"Your browser does not support this audio","files":[{"path":"audios/audio-RrDziKAg.m4a","mime":"audio/x-m4a","copyright":{"license":"U"}}]},"subContentId":"cd8e6192-66ec-4c43-8054-f86825ed8e24","metadata":{"contentType":"Audio","license":"U","title":"Welcome and navigation","authors":[],"changes":[],"extraTitle":"Welcome and navigation"}},"alwaysDisplayComments":false,"backgroundOpacity":0,"displayAsButton":false,"buttonSize":"big","goToSlideType":"specified","invisible":false,"solution":""}],"keywords":[],"slideBackgroundSelector":{}},{"elements":[{"x":0,"y":10.75268817204301,"width":100,"height":17.204301075268816,"action":{"library":"H5P.Shape 1.0","params":{"shape":{"fillColor":"rgba(238, 234, 211, 0.4)","borderWidth":0,"borderStyle":"solid","borderColor":"rgb(164, 137, 217)","borderRadius":0},"type":"rectangle","line":{"borderColor":"#000000","borderWidth":"1","borderStyle":"solid"}},"subContentId":"2043f43c-b432-4b90-a11d-7236e1f2829e","metadata":{"contentType":"Shapes","license":"U","title":"Purple box","authors":[],"changes":[],"extraTitle":"Purple box"}},"backgroundOpacity":0,"displayAsButton":false,"buttonSize":"big","goToSlideType":"specified","invisible":false},{"x":1.0893246187363834,"y":15.053763440860214,"width":33.66013071895425,"height":9.032258064516128,"action":{"library":"H5P.AdvancedText 1.1","params":{"text":"<p><span style=\"font-size:1.625em\">Objective</span></p>\n"},"metadata":{"contentType":"Text","license":"U","title":"Objective","authors":[],"changes":[],"extraTitle":"Objective"},"subContentId":"b3ef8e8a-3571-4ba9-af87-0128ae2076ca"},"alwaysDisplayComments":false,"backgroundOpacity":0,"displayAsButton":false,"buttonSize":"big","goToSlideType":"specified","invisible":false,"solution":""},{"x":1.0893246187363834,"y":30.10752688172043,"width":95.86056644880175,"height":40,"action":{"library":"H5P.AdvancedText 1.1","params":{"text":"<p>Using these training slides, you'll be able to identify vine blooms and tree blooms with 100% accuracy.</p>\n"},"subContentId":"c716a177-9f70-4e9d-8de6-7408020ebd7e","metadata":{"contentType":"Text","license":"U","title":"Objective","authors":[],"changes":[],"extraTitle":"Objective"}},"alwaysDisplayComments":false,"backgroundOpacity":0,"displayAsButton":false,"buttonSize":"big","goToSlideType":"specified","invisible":false,"solution":""},{"x":40.30501089324619,"y":47.31182795698924,"width":26.688453159041394,"height":52.68817204301075,"action":{"library":"H5P.Image 1.1","params":{"contentName":"Image","file":{"path":"images/image-WT9lsTKN-zGgphIHb.png","mime":"image/png","copyright":{"license":"U"},"width":400,"height":400},"alt":"Person saying &quot;You got this&quot;"},"subContentId":"b81dd611-fc6d-4196-9bdf-9225ecce6b4b","metadata":{"contentType":"Image","license":"U","title":"Person saying &quot;You got this&quot;","authors":[],"changes":[],"extraTitle":"Person saying &quot;You got this&quot;"}},"alwaysDisplayComments":false,"backgroundOpacity":0,"displayAsButton":false,"buttonSize":"big","goToSlideType":"specified","invisible":false,"solution":""}],"keywords":[],"slideBackgroundSelector":{"fillSlideBackground":"#ffffff"}},{"elements":[{"x":55.55555555555556,"y":82.69720430107526,"width":44.44444444444444,"height":17.204301075268816,"action":{"library":"H5P.Shape 1.0","params":{"shape":{"fillColor":"rgba(238, 234, 211, 0.4)","borderWidth":0,"borderStyle":"solid","borderColor":"rgb(164, 137, 217)","borderRadius":0},"type":"rectangle","line":{"borderColor":"#000000","borderWidth":"1","borderStyle":"solid"}},"metadata":{"contentType":"Shapes","license":"U","title":"Purple box","authors":[],"changes":[],"extraTitle":"Purple box"},"subContentId":"4c6a7a38-940e-4f5c-ab23-86a23709f3a7"},"backgroundOpacity":0,"displayAsButton":false,"buttonSize":"big","goToSlideType":"specified","invisible":false},{"x":56.64488017429194,"y":83.87096774193547,"width":33.66013071895425,"height":9.032258064516128,"action":{"library":"H5P.AdvancedText 1.1","params":{"text":"<p><span style=\"color:#000000\"><span style=\"font-size:1.625em\">Jasmine</span></span></p>\n"},"metadata":{"contentType":"Text","license":"U","title":"Jasmine","authors":[],"changes":[],"extraTitle":"Jasmine"},"subContentId":"436beeb7-515a-4665-8cba-cc7a3ef86ac5"},"alwaysDisplayComments":false,"backgroundOpacity":0,"displayAsButton":false,"buttonSize":"big","goToSlideType":"specified","invisible":false,"solution":""},{"x":56.971677559912855,"y":92.47311827956989,"width":39.97821350762527,"height":6.451612903225806,"action":{"library":"H5P.AdvancedText 1.1","params":{"text":"<p><span style=\"color:#000000\"><span style=\"font-size:16.25px\">Vine Bloom</span></span></p>\n"},"metadata":{"contentType":"Text","license":"U","title":"Vine Blooms","authors":[],"changes":[],"extraTitle":"Vine Blooms"},"subContentId":"9f2d8229-e69e-457e-831b-6e374a09fe58"},"alwaysDisplayComments":false,"backgroundOpacity":0,"displayAsButton":false,"buttonSize":"big","goToSlideType":"specified","invisible":false,"solution":""},{"x":55.55555555555556,"y":42.956989247311824,"width":39.97821350762527,"height":19.354838709677416,"action":{"library":"H5P.AdvancedText 1.1","params":{"text":"<ul>\n\t<li>Pink buds turn into white flowers</li>\n\t<li>Dark green leaves on vine</li>\n</ul>\n"},"subContentId":"d5300e74-8b0f-4a9d-bdb9-b054898d43c9","metadata":{"contentType":"Text","license":"U","title":"Wisteria Description","authors":[],"changes":[],"extraTitle":"Wisteria Description"}},"alwaysDisplayComments":false,"backgroundOpacity":0,"displayAsButton":false,"buttonSize":"big","goToSlideType":"specified","invisible":false,"solution":""},{"x":16.33986928104575,"y":0,"width":29.52069716775599,"height":100,"action":{"library":"H5P.Image 1.1","params":{"contentName":"Image","file":{"path":"images/image-28LTDU8I.jpg","mime":"image/jpeg","copyright":{"license":"U"},"width":380,"height":649,"originalImage":{"path":"images/image-ExR4BZsR.jpg","mime":"image/jpeg","height":6000,"width":9000}},"alt":"Jasmine"},"metadata":{"contentType":"Image","license":"U","title":"Jasmine","authors":[],"changes":[],"extraTitle":"Jasmine"},"subContentId":"aa3b9d22-0f1f-4d8a-a303-07f098aa23c8"},"alwaysDisplayComments":false,"backgroundOpacity":0,"displayAsButton":false,"buttonSize":"big","goToSlideType":"specified","invisible":false,"solution":""}],"keywords":[],"slideBackgroundSelector":{"fillSlideBackground":"#ffffff"}},{"elements":[{"x":9.803921568627452,"y":0,"width":37.79956427015251,"height":100,"action":{"library":"H5P.Image 1.1","params":{"contentName":"Image","file":{"path":"images/image-fzGGckPJ-7Jhxagt3-yY5BUFcd.jpg","mime":"image/jpeg","copyright":{"license":"U"},"width":480,"height":640},"alt":"Wisteria"},"subContentId":"1d2d93b0-68e2-4830-b6fb-d3f61c086ea2","metadata":{"contentType":"Image","license":"U","title":"Wisteria","authors":[],"changes":[],"extraTitle":"Wisteria"}},"alwaysDisplayComments":false,"backgroundOpacity":0,"displayAsButton":false,"buttonSize":"big","goToSlideType":"specified","invisible":false,"solution":""},{"x":55.55555555555556,"y":82.69720430107526,"width":44.44444444444444,"height":17.204301075268816,"action":{"library":"H5P.Shape 1.0","params":{"shape":{"fillColor":"rgba(238, 234, 211, 0.4)","borderWidth":0,"borderStyle":"solid","borderColor":"rgb(164, 137, 217)","borderRadius":0},"type":"rectangle","line":{"borderColor":"#000000","borderWidth":"1","borderStyle":"solid"}},"metadata":{"contentType":"Shapes","license":"U","title":"Purple box","authors":[],"changes":[],"extraTitle":"Purple box"},"subContentId":"4c6a7a38-940e-4f5c-ab23-86a23709f3a7"},"backgroundOpacity":0,"displayAsButton":false,"buttonSize":"big","goToSlideType":"specified","invisible":false},{"x":56.64488017429194,"y":83.87096774193547,"width":33.66013071895425,"height":9.032258064516128,"action":{"library":"H5P.AdvancedText 1.1","params":{"text":"<p><span style=\"color:#000000\"><span style=\"font-size:1.625em\">Wisteria</span></span></p>\n"},"metadata":{"contentType":"Text","license":"U","title":"Wisteria","authors":[],"changes":[],"extraTitle":"Wisteria"},"subContentId":"436beeb7-515a-4665-8cba-cc7a3ef86ac5"},"alwaysDisplayComments":false,"backgroundOpacity":0,"displayAsButton":false,"buttonSize":"big","goToSlideType":"specified","invisible":false,"solution":""},{"x":56.971677559912855,"y":92.47311827956989,"width":39.97821350762527,"height":6.451612903225806,"action":{"library":"H5P.AdvancedText 1.1","params":{"text":"<p><span style=\"color:#000000\"><span style=\"font-size:16.25px\">Vine or Tree Bloom</span></span></p>\n"},"metadata":{"contentType":"Text","license":"U","title":"Vine or Tree Blooms","authors":[],"changes":[],"extraTitle":"Vine or Tree Blooms"},"subContentId":"9f2d8229-e69e-457e-831b-6e374a09fe58"},"alwaysDisplayComments":false,"backgroundOpacity":0,"displayAsButton":false,"buttonSize":"big","goToSlideType":"specified","invisible":false,"solution":""},{"x":54.46623093681917,"y":34.40860215053763,"width":39.97821350762527,"height":25.806451612903224,"action":{"library":"H5P.AdvancedText 1.1","params":{"text":"<ul>\n\t<li>Purple and white flowers</li>\n\t<li><strong>Vine </strong>that is sometimes <em>also </em>grown as a <strong>tree</strong></li>\n</ul>\n"},"subContentId":"d5300e74-8b0f-4a9d-bdb9-b054898d43c9","metadata":{"contentType":"Text","license":"U","title":"Wisteria Description","authors":[],"changes":[],"extraTitle":"Wisteria Description"}},"alwaysDisplayComments":false,"backgroundOpacity":0,"displayAsButton":false,"buttonSize":"big","goToSlideType":"specified","invisible":false,"solution":""},{"x":42.48366013071895,"y":38.70967741935483,"width":23.965141612200437,"height":47.31182795698924,"action":{"library":"H5P.Image 1.1","params":{"contentName":"Image","file":{"path":"images/image-8nn21A01-qnX20UOy.png","mime":"image/png","copyright":{"license":"U"},"width":398,"height":398},"alt":"Person pointing to second bullet point"},"subContentId":"0613f360-ea5d-40ce-94c6-4efc9c40223b","metadata":{"contentType":"Image","license":"U","title":"Person pointing to second bullet point","authors":[],"changes":[],"extraTitle":"Person pointing to second bullet point"}},"alwaysDisplayComments":false,"backgroundOpacity":0,"displayAsButton":false,"buttonSize":"big","goToSlideType":"specified","invisible":false,"solution":""},{"x":52.287581699346404,"y":86.02150537634408,"width":2.577632696,"height":5.091753604,"action":{"library":"H5P.Audio 1.4","params":{"fitToWrapper":true,"playerMode":"transparent","controls":true,"autoplay":true,"playAudio":"Play audio","pauseAudio":"Pause audio","contentName":"Audio","audioNotSupported":"Your browser does not support this audio","files":[{"path":"audios/audio-3e4K1Fy7.m4a","mime":"audio/x-m4a","copyright":{"license":"U"}}]},"subContentId":"a2eb24c8-fd6b-4de8-935b-95839909c92f","metadata":{"contentType":"Audio","license":"U","title":"Pay close attention","authors":[],"changes":[],"extraTitle":"Pay close attention"}},"alwaysDisplayComments":false,"backgroundOpacity":0,"displayAsButton":false,"buttonSize":"big","goToSlideType":"specified","invisible":false,"solution":""}],"keywords":[],"slideBackgroundSelector":{"fillSlideBackground":"#ffffff"}},{"elements":[{"x":51.19825708061002,"y":0,"width":37.79956427015251,"height":100,"action":{"library":"H5P.Image 1.1","params":{"contentName":"Image","file":{"path":"images/image-11hBx2F0-UKez-URg-or78VqBi.jpg","mime":"image/jpeg","copyright":{"license":"U"},"width":480,"height":640},"alt":"Magnolia"},"subContentId":"68f1f0be-5521-4557-806c-b1ed4a8109f3","metadata":{"contentType":"Image","license":"U","title":"Magnolia","authors":[],"changes":[],"extraTitle":"Magnolia"}},"alwaysDisplayComments":false,"backgroundOpacity":0,"displayAsButton":false,"buttonSize":"big","goToSlideType":"specified","invisible":false,"solution":""},{"x":0,"y":82.79569892473117,"width":44.44444444444444,"height":17.204301075268816,"action":{"library":"H5P.Shape 1.0","params":{"shape":{"fillColor":"rgba(238, 234, 211, 0.4)","borderWidth":0,"borderStyle":"solid","borderColor":"rgb(164, 137, 217)","borderRadius":0},"type":"rectangle","line":{"borderColor":"#000000","borderWidth":"1","borderStyle":"solid"}},"metadata":{"contentType":"Shapes","license":"U","title":"Purple box","authors":[],"changes":[],"extraTitle":"Purple box"},"subContentId":"95723b8d-c497-49fa-9b34-0d76d89019fa"},"backgroundOpacity":0,"displayAsButton":false,"buttonSize":"big","goToSlideType":"specified","invisible":false},{"x":9.803921568627452,"y":83.87096774193547,"width":33.66013071895425,"height":9.032258064516128,"action":{"library":"H5P.AdvancedText 1.1","params":{"text":"<p style=\"text-align:right\"><span style=\"color:#000000\"><span style=\"font-size:1.625em\">Magnolia</span></span></p>\n"},"metadata":{"contentType":"Text","license":"U","title":"Magnolia","authors":[],"changes":[],"extraTitle":"Magnolia"},"subContentId":"28b1471f-68f5-4686-9193-3b7c318093e0"},"alwaysDisplayComments":false,"backgroundOpacity":0,"displayAsButton":false,"buttonSize":"big","goToSlideType":"specified","invisible":false,"solution":""},{"x":3.2679738562091503,"y":92.47311827956989,"width":39.97821350762527,"height":6.451612903225806,"action":{"library":"H5P.AdvancedText 1.1","params":{"text":"<p style=\"text-align:right\"><span style=\"color:#000000\"><span style=\"font-size:16.25px\">Tree Bloom</span></span></p>\n"},"metadata":{"contentType":"Text","license":"U","title":"Tree Bloom","authors":[],"changes":[],"extraTitle":"Tree Bloom"},"subContentId":"2a53f14e-2d04-4484-a69e-dcd2d9948796"},"alwaysDisplayComments":false,"backgroundOpacity":0,"displayAsButton":false,"buttonSize":"big","goToSlideType":"specified","invisible":false,"solution":""},{"x":23.965141612200437,"y":40.86021505376344,"width":19.607843137254903,"height":40,"action":{"library":"H5P.AdvancedText 1.1","params":{"text":"<ul>\n\t<li>Dark pink flowers</li>\n</ul>\n"},"metadata":{"contentType":"Text","license":"U","title":"Jasmine Description","authors":[],"changes":[],"extraTitle":"Jasmine Description"},"subContentId":"c16fa796-4513-4e65-a508-c74d04a9d29a"},"alwaysDisplayComments":false,"backgroundOpacity":0,"displayAsButton":false,"buttonSize":"big","goToSlideType":"specified","invisible":false,"solution":""}],"keywords":[],"slideBackgroundSelector":{"fillSlideBackground":"#ffffff"}},{"elements":[{"x":0,"y":82.79569892473117,"width":44.44444444444444,"height":17.204301075268816,"action":{"library":"H5P.Shape 1.0","params":{"shape":{"fillColor":"rgba(238, 234, 211, 0.4)","borderWidth":0,"borderStyle":"solid","borderColor":"rgb(164, 137, 217)","borderRadius":0},"type":"rectangle","line":{"borderColor":"#000000","borderWidth":"1","borderStyle":"solid"}},"metadata":{"contentType":"Shapes","license":"U","title":"Purple box","authors":[],"changes":[],"extraTitle":"Purple box"},"subContentId":"95723b8d-c497-49fa-9b34-0d76d89019fa"},"backgroundOpacity":0,"displayAsButton":false,"buttonSize":"big","goToSlideType":"specified","invisible":false},{"x":9.803921568627452,"y":83.87096774193547,"width":33.66013071895425,"height":9.032258064516128,"action":{"library":"H5P.AdvancedText 1.1","params":{"text":"<p style=\"text-align:right\"><span style=\"color:#000000\"><span style=\"font-size:1.625em\">Pear Blossom</span></span></p>\n"},"metadata":{"contentType":"Text","license":"U","title":"Pear Blossom","authors":[],"changes":[],"extraTitle":"Pear Blossom"},"subContentId":"28b1471f-68f5-4686-9193-3b7c318093e0"},"alwaysDisplayComments":false,"backgroundOpacity":0,"displayAsButton":false,"buttonSize":"big","goToSlideType":"specified","invisible":false,"solution":""},{"x":3.2679738562091503,"y":92.47311827956989,"width":39.97821350762527,"height":6.451612903225806,"action":{"library":"H5P.AdvancedText 1.1","params":{"text":"<p style=\"text-align:right\"><span style=\"color:#000000\"><span style=\"font-size:16.25px\">Tree Bloom</span></span></p>\n"},"metadata":{"contentType":"Text","license":"U","title":"Tree Bloom","authors":[],"changes":[],"extraTitle":"Tree Bloom"},"subContentId":"2a53f14e-2d04-4484-a69e-dcd2d9948796"},"alwaysDisplayComments":false,"backgroundOpacity":0,"displayAsButton":false,"buttonSize":"big","goToSlideType":"specified","invisible":false,"solution":""},{"x":52.287581699346404,"y":0,"width":33.87799564270153,"height":100,"action":{"library":"H5P.Image 1.1","params":{"contentName":"Image","file":{"path":"images/image-NWPY_d7M-EzpPJ5u2-xfIo_STZ.jpg","mime":"image/jpeg","copyright":{"license":"U"},"width":4000,"height":6000},"alt":"Pear blossoms"},"metadata":{"contentType":"Image","license":"U","title":"Pear blossoms","authors":[],"changes":[],"extraTitle":"Pear blossoms"},"subContentId":"ef58f073-dd70-4ae2-9400-62e89917fecb"},"alwaysDisplayComments":false,"backgroundOpacity":0,"displayAsButton":false,"buttonSize":"big","goToSlideType":"specified","invisible":false,"solution":""},{"x":16.33986928104575,"y":40.86021505376344,"width":28.32244008714597,"height":40,"action":{"library":"H5P.AdvancedText 1.1","params":{"text":"<ul>\n\t<li>Long-lasting white blossoms </li>\n</ul>\n"},"metadata":{"contentType":"Text","license":"U","title":"Jasmine Description","authors":[],"changes":[],"extraTitle":"Jasmine Description"},"subContentId":"05d36605-1c32-4a34-8929-429710f6d51d"},"alwaysDisplayComments":false,"backgroundOpacity":0,"displayAsButton":false,"buttonSize":"big","goToSlideType":"specified","invisible":false,"solution":""}],"keywords":[],"slideBackgroundSelector":{"fillSlideBackground":"#ffffff"}},{"elements":[{"x":0,"y":0,"width":98.03921568627452,"height":100,"action":{"library":"H5P.DragQuestion 1.13","params":{"scoreShow":"Check","tryAgain":"Retry","scoreExplanation":"Correct answers give +1 point. Incorrect answers give -1 point. The lowest possible score is 0.","question":{"settings":{"size":{"width":830,"height":400}},"task":{"elements":[{"x":63.85542168674698,"y":0,"width":7.653162202380953,"height":11.70078125,"dropZones":["1"],"type":{"library":"H5P.Image 1.1","params":{"contentName":"Image","file":{"path":"images/image-mjV7jlUV-IkJY-TGf.jpg","mime":"image/jpeg","copyright":{"license":"U"},"width":4000,"height":6000},"alt":"Pear Blossoms"},"subContentId":"8f04e55f-077d-421f-a413-9f3ebafc9d5d","metadata":{"contentType":"Image","license":"U","title":"Pear Blossoms","authors":[],"changes":[],"extraTitle":"Pear Blossoms"}},"backgroundOpacity":100,"multiple":false},{"x":81.92771084337349,"y":47.5,"width":6.9388764880952385,"height":11.70078125,"dropZones":["0"],"type":{"library":"H5P.Image 1.1","params":{"contentName":"Image","file":{"path":"images/image-iraToitf-Xsv9Qh5E.jpg","mime":"image/jpeg","copyright":{"license":"U"},"width":357,"height":649,"originalImage":{"path":"images/image-sdZ197aj-bLH61mH0.jpg","mime":"image/jpeg","height":6000,"width":9000}},"alt":"Jasmine"},"subContentId":"551923da-539e-4954-9732-b6b48c9a42b5","metadata":{"contentType":"Image","license":"U","title":"Jasmine","authors":[],"changes":[],"extraTitle":"Jasmine"}},"backgroundOpacity":100,"multiple":false},{"x":63.85542168674698,"y":52.5,"width":7.95078125,"height":10.058445483576643,"dropZones":["1"],"type":{"library":"H5P.Image 1.1","params":{"contentName":"Image","file":{"path":"images/image-svJ9fGCM-61gm-PIQ.jpg","mime":"image/jpeg","copyright":{"license":"U"},"width":480,"height":640},"alt":"Magnolia"},"subContentId":"8c37d219-6c40-421c-80d9-8a9bd513c013","metadata":{"contentType":"Image","license":"U","title":"Magnolia","authors":[],"changes":[],"extraTitle":"Magnolia"}},"backgroundOpacity":100,"multiple":false},{"x":80.72289156626505,"y":0,"width":8.32578125,"height":10.744455948795181,"dropZones":["0","1"],"type":{"library":"H5P.Image 1.1","params":{"contentName":"Image","file":{"path":"images/image-97XLKxVQ-xTJYziqK.jpg","mime":"image/jpeg","copyright":{"license":"U"},"width":480,"height":640},"alt":"Wisteria"},"subContentId":"a2ff8c6f-4279-4ac0-9ffe-b97fc7c733e8","metadata":{"contentType":"Image","license":"U","title":"Wisteria","authors":[],"changes":[],"extraTitle":"Wisteria"}},"backgroundOpacity":100,"multiple":false}],"dropZones":[{"x":0,"y":5,"width":15,"height":21.875,"correctElements":[],"showLabel":true,"backgroundOpacity":100,"tipsAndFeedback":{"tip":""},"single":false,"autoAlign":false,"type":{"library":"H5P.DragQuestionDropzone 0.1"},"label":"<div>Vine Bloom</div>\n"},{"x":30.12048192771084,"y":5,"width":15,"height":21.875,"correctElements":[],"showLabel":true,"backgroundOpacity":100,"tipsAndFeedback":{"tip":""},"single":false,"autoAlign":false,"type":{"library":"H5P.DragQuestionDropzone 0.1"},"label":"<div>Tree Bloom</div>\n"}]}},"overallFeedback":[{"from":0,"to":100}],"behaviour":{"enableRetry":true,"enableCheckButton":true,"showSolutionsRequiresInput":true,"singlePoint":false,"applyPenalties":true,"enableScoreExplanation":true,"dropZoneHighlighting":"dragging","autoAlignSpacing":2,"enableFullScreen":false,"showScorePoints":true,"showTitle":true},"grabbablePrefix":"Grabbable {num} of {total}.","grabbableSuffix":"Placed in dropzone {num}.","dropzonePrefix":"Dropzone {num} of {total}.","noDropzone":"No dropzone.","tipLabel":"Show tip.","tipAvailable":"Tip available","correctAnswer":"Correct answer","wrongAnswer":"Wrong answer","feedbackHeader":"Feedback","scoreBarLabel":"You got :num out of :total points","scoreExplanationButtonLabel":"Show score explanation","a11yCheck":"Check the answers. The responses will be marked as correct, incorrect, or unanswered.","a11yRetry":"Retry the task. Reset all responses and start the task over again.","localize":{"fullscreen":"Fullscreen","exitFullscreen":"Exit fullscreen"}},"subContentId":"318cc15e-2433-487e-822c-ea7c3ae8317b","metadata":{"contentType":"Drag and Drop","license":"U","title":"Matching Review: Bloom Types","authors":[],"changes":[],"extraTitle":"Matching Review: Bloom Types"}},"alwaysDisplayComments":false,"backgroundOpacity":0,"displayAsButton":false,"buttonSize":"big","goToSlideType":"specified","invisible":false,"solution":""},{"x":30.501089324618736,"y":0,"width":2.577632696,"height":5.091753604,"action":{"library":"H5P.Audio 1.4","params":{"fitToWrapper":true,"playerMode":"transparent","controls":true,"autoplay":true,"playAudio":"Play audio","pauseAudio":"Pause audio","contentName":"Audio","audioNotSupported":"Your browser does not support this audio","files":[{"path":"audios/audio-6cGDO1I8.m4a","mime":"audio/x-m4a","copyright":{"license":"U"}}]},"subContentId":"02bc751c-3616-4f53-95e3-70a2a686d2a9","metadata":{"contentType":"Audio","license":"U","title":"Instructions","authors":[],"changes":[],"extraTitle":"Instructions"}},"alwaysDisplayComments":false,"backgroundOpacity":0,"displayAsButton":false,"buttonSize":"big","goToSlideType":"specified","invisible":false,"solution":""}],"keywords":[],"slideBackgroundSelector":{"fillSlideBackground":"#ffffff"}},{"elements":[{"x":0,"y":21.50537634408602,"width":23.267287042156543,"height":78.49462365591397,"action":{"library":"H5P.Image 1.1","params":{"contentName":"Image","file":{"path":"images/image-28LTDU8I.jpg","mime":"image/jpeg","copyright":{"license":"U"},"width":380,"height":649,"originalImage":{"path":"images/image-ExR4BZsR.jpg","mime":"image/jpeg","height":6000,"width":9000}},"alt":"Jasmine"},"metadata":{"contentType":"Image","license":"U","title":"Jasmine","authors":[],"changes":[],"extraTitle":"Jasmine"},"subContentId":"be65988b-605b-4c13-aafc-27730b64ea1d"},"alwaysDisplayComments":false,"backgroundOpacity":0,"displayAsButton":false,"buttonSize":"big","goToSlideType":"specified","invisible":false,"solution":""},{"x":0,"y":2.150537634408602,"width":54.46623093681917,"height":17.204301075268816,"action":{"library":"H5P.Shape 1.0","params":{"shape":{"fillColor":"rgba(255, 245, 226, 0.4)","borderWidth":0,"borderStyle":"solid","borderColor":"rgb(164, 137, 217)","borderRadius":0},"type":"rectangle","line":{"borderColor":"#000000","borderWidth":"1","borderStyle":"solid"}},"metadata":{"contentType":"Shapes","license":"U","title":"Purple box","authors":[],"changes":[],"extraTitle":"Purple box"},"subContentId":"95723b8d-c497-49fa-9b34-0d76d89019fa"},"backgroundOpacity":0,"displayAsButton":false,"buttonSize":"big","goToSlideType":"specified","invisible":false},{"x":2.178649237472767,"y":6.451612903225806,"width":33.66013071895425,"height":9.032258064516128,"action":{"library":"H5P.AdvancedText 1.1","params":{"text":"<p><span style=\"color:#000000\"><span style=\"font-size:1.625em\">Attributions</span></span></p>\n"},"metadata":{"contentType":"Text","license":"U","title":"Attributions","authors":[],"changes":[],"extraTitle":"Attributions"},"subContentId":"28b1471f-68f5-4686-9193-3b7c318093e0"},"alwaysDisplayComments":false,"backgroundOpacity":0,"displayAsButton":false,"buttonSize":"big","goToSlideType":"specified","invisible":false,"solution":""},{"x":55.55555555555556,"y":0,"width":20.806100217864923,"height":61.29032258064516,"action":{"library":"H5P.Image 1.1","params":{"contentName":"Image","file":{"path":"images/image-NWPY_d7M-EzpPJ5u2-htEKXSUs-pqLjwBCD.jpg","mime":"image/jpeg","copyright":{"license":"U"},"width":4000,"height":6000},"alt":"Pear blossoms"},"metadata":{"contentType":"Image","license":"U","title":"Pear blossoms","authors":[],"changes":[],"extraTitle":"Pear blossoms"},"subContentId":"e91cc888-c4e9-4911-bc37-204145ac33fc"},"alwaysDisplayComments":false,"backgroundOpacity":0,"displayAsButton":false,"buttonSize":"big","goToSlideType":"specified","invisible":false,"solution":""},{"x":23.965141612200437,"y":21.50537634408602,"width":30.501089324618736,"height":40,"action":{"library":"H5P.Image 1.1","params":{"contentName":"Image","file":{"path":"images/image-MRUFoUP0-TBbV3aeG.jpg","mime":"image/jpeg","copyright":{"license":"U"},"width":4928,"height":3280},"alt":"Wisteria"},"subContentId":"6fa38216-8654-43c3-8cb3-6ffc52ff6fcf","metadata":{"contentType":"Image","license":"U","title":"Wisteria","authors":[],"changes":[],"extraTitle":"Wisteria"}},"alwaysDisplayComments":false,"backgroundOpacity":0,"displayAsButton":false,"buttonSize":"big","goToSlideType":"specified","invisible":false,"solution":""},{"x":23.965141612200437,"y":64.51612903225806,"width":51.19825708061002,"height":25.806451612903224,"action":{"library":"H5P.AdvancedText 1.1","params":{"text":"<ul>\n\t<li><span style=\"font-size:0.875em\"><a href=\"https://unsplash.com/photos/qGhYl8-ktz8\" target=\"_blank\">Jasmine flowers</a> photo by <a href=\"https://unsplash.com/@dbmartin00?utm_source=unsplash&amp;utm_medium=referral&amp;utm_content=creditCopyText\">David Brooke Martin</a> on <a href=\"https://unsplash.com/collections/44340745/types-of-flowers?utm_source=unsplash&amp;utm_medium=referral&amp;utm_content=creditCopyText\">Unsplash</a></span></li>\n\t<li><span style=\"font-size:0.875em\"><a href=\"https://unsplash.com/photos/dR1sEzEVY-I\" target=\"_blank\">Wisteria background</a> photo by <a href=\"https://unsplash.com/@anspchee?utm_source=unsplash&amp;utm_medium=referral&amp;utm_content=creditCopyText\">Al Soot</a> on <a href=\"https://unsplash.com/collections/44340745/types-of-flowers?utm_source=unsplash&amp;utm_medium=referral&amp;utm_content=creditCopyText\">Unsplash</a></span></li>\n\t<li><span style=\"font-size:0.875em\"><a href=\"https://unsplash.com/photos/jDIcBu9jrQg\" target=\"_blank\">Pear blossoms</a> photo by <a href=\"https://unsplash.com/@guygreen63?utm_source=unsplash&amp;utm_medium=referral&amp;utm_content=creditCopyText\">Guy Levert</a> on <a href=\"https://unsplash.com/s/photos/pear-blossoms?utm_source=unsplash&amp;utm_medium=referral&amp;utm_content=creditCopyText\">Unsplash</a></span></li>\n</ul>\n"},"subContentId":"0b7b6265-ea4d-4d37-a633-9d8d912d729f","metadata":{"contentType":"Text","license":"U","title":"Attributions","authors":[],"changes":[],"extraTitle":"Attributions"}},"alwaysDisplayComments":false,"backgroundOpacity":0,"displayAsButton":false,"buttonSize":"big","goToSlideType":"specified","invisible":false,"solution":""}],"keywords":[],"slideBackgroundSelector":{"fillSlideBackground":"#ffffff"}},{"elements":[{"x":0,"y":10.75268817204301,"width":100,"height":17.204301075268816,"action":{"library":"H5P.Shape 1.0","params":{"shape":{"fillColor":"rgba(238, 234, 211, 0.4)","borderWidth":0,"borderStyle":"solid","borderColor":"rgb(164, 137, 217)","borderRadius":0},"type":"rectangle","line":{"borderColor":"#000000","borderWidth":"1","borderStyle":"solid"}},"subContentId":"2043f43c-b432-4b90-a11d-7236e1f2829e","metadata":{"contentType":"Shapes","license":"U","title":"Purple box","authors":[],"changes":[],"extraTitle":"Purple box"}},"backgroundOpacity":0,"displayAsButton":false,"buttonSize":"big","goToSlideType":"specified","invisible":false},{"x":1.0893246187363834,"y":15.053763440860214,"width":33.66013071895425,"height":9.032258064516128,"action":{"library":"H5P.AdvancedText 1.1","params":{"text":"<p><span style=\"font-size:1.625em\">Training Complete</span></p>\n"},"metadata":{"contentType":"Text","license":"U","title":"Training Complete","authors":[],"changes":[],"extraTitle":"Training Complete"},"subContentId":"b3ef8e8a-3571-4ba9-af87-0128ae2076ca"},"alwaysDisplayComments":false,"backgroundOpacity":0,"displayAsButton":false,"buttonSize":"big","goToSlideType":"specified","invisible":false,"solution":""},{"x":1.0893246187363834,"y":30.10752688172043,"width":95.86056644880175,"height":40,"action":{"library":"H5P.AdvancedText 1.1","params":{"text":"<p>Thank you for completing this training! </p>\n"},"subContentId":"c716a177-9f70-4e9d-8de6-7408020ebd7e","metadata":{"contentType":"Text","license":"U","title":"Thank you","authors":[],"changes":[],"extraTitle":"Thank you"}},"alwaysDisplayComments":false,"backgroundOpacity":0,"displayAsButton":false,"buttonSize":"big","goToSlideType":"specified","invisible":false,"solution":""},{"x":71.13289760348584,"y":42.580783639497426,"width":28.867102396514163,"height":57.41935483870967,"action":{"library":"H5P.Image 1.1","params":{"contentName":"Image","file":{"path":"images/image-FknNqm_7-Oy3e-bcN.png","mime":"image/png","copyright":{"license":"U"},"width":396,"height":398},"alt":"Person waving and saying, &quot;Bye&quot;"},"subContentId":"7719ac36-2b4f-494f-ab00-5bbf85856e5f","metadata":{"contentType":"Image","license":"U","title":"Person waving and saying, &quot;Bye&quot;","authors":[],"changes":[],"extraTitle":"Person waving and saying, &quot;Bye&quot;"}},"alwaysDisplayComments":false,"backgroundOpacity":0,"displayAsButton":false,"buttonSize":"big","goToSlideType":"specified","invisible":false,"solution":""}],"keywords":[],"slideBackgroundSelector":{"fillSlideBackground":"#ffffff"}}],"keywordListEnabled":true,"globalBackgroundSelector":{"imageGlobalBackground":{"path":"images/image-w2FQr49L-Un0ax7kP-hDFZ4jtF.jpg","mime":"image/jpeg","copyright":{"license":"U"},"width":4928,"height":3280}},"keywordListAlwaysShow":false,"keywordListAutoHide":false,"keywordListOpacity":90},"override":{"activeSurface":false,"hideSummarySlide":false,"summarySlideSolutionButton":true,"summarySlideRetryButton":true,"enablePrintButton":false,"social":{"showFacebookShare":false,"facebookShare":{"url":"@currentpageurl","quote":"I scored @score out of @maxScore on a task at @currentpageurl."},"showTwitterShare":false,"twitterShare":{"statement":"I scored @score out of @maxScore on a task at @currentpageurl.","url":"@currentpageurl","hashtags":"h5p, course"},"showGoogleShare":false,"googleShareUrl":"@currentpageurl"}},"l10n":{"slide":"Slide","score":"Score","yourScore":"Your Score","maxScore":"Max Score","total":"Total","totalScore":"Total Score","showSolutions":"Show solutions","retry":"Retry","exportAnswers":"Export text","hideKeywords":"Hide sidebar navigation menu","showKeywords":"Show sidebar navigation menu","fullscreen":"Fullscreen","exitFullscreen":"Exit fullscreen","prevSlide":"Previous slide","nextSlide":"Next slide","currentSlide":"Current slide","lastSlide":"Last slide","solutionModeTitle":"Exit solution mode","solutionModeText":"Solution Mode","summaryMultipleTaskText":"Multiple tasks","scoreMessage":"You achieved:","shareFacebook":"Share on Facebook","shareTwitter":"Share on Twitter","shareGoogle":"Share on Google+","summary":"Summary","solutionsButtonTitle":"Show comments","printTitle":"Print","printIngress":"How would you like to print this presentation?","printAllSlides":"Print all slides","printCurrentSlide":"Print current slide","noTitle":"No title","accessibilitySlideNavigationExplanation":"Use left and right arrow to change slide in that direction whenever canvas is selected.","accessibilityCanvasLabel":"Presentation canvas. Use left and right arrow to move between slides.","containsNotCompleted":"@slideName contains not completed interaction","containsCompleted":"@slideName contains completed interaction","slideCount":"Slide @index of @total","containsOnlyCorrect":"@slideName only has correct answers","containsIncorrectAnswers":"@slideName has incorrect answers","shareResult":"Share Result","accessibilityTotalScore":"You got @score of @maxScore points in total","accessibilityEnteredFullscreen":"Entered fullscreen","accessibilityExitedFullscreen":"Exited fullscreen"}}