{"title":"Shapes","description":"Makes it possible to create different shapes.","majorVersion":1,"minorVersion":0,"patchVersion":3,"runnable":0,"author":"Joubel","license":"MIT","machineName":"H5P.Shape","metadataSettings":{"disable":1,"disableExtraTitleField":1},"preloadedCss":[{"path":"css/h5p-shape.css"}],"preloadedJs":[{"path":"js/h5p-shape.js"}],"editorDependencies":[{"machineName":"H5PEditor.Shape","majorVersion":1,"minorVersion":0},{"machineName":"H5PEditor.ColorSelector","majorVersion":1,"minorVersion":2},{"machineName":"H5PEditor.ShowWhen","majorVersion":1,"minorVersion":0}]}
